{
	"format_version": "1.8.0",
	"animations": {
		"animation.model.walk": {
			"loop": true,
			"animation_length": 1,
			"bones": {
				"root": {
					"rotation": {
						"0.0": {
							"vector": [10.27206, 33.64409, 18.11321]
						},
						"0.125": {
							"vector": [1.88542, 2.3825, 0.46054]
						},
						"0.25": {
							"vector": [8.49878, -28.87909, -17.19212]
						},
						"0.375": {
							"vector": [1.88542, 2.3825, 0.46054]
						},
						"0.5": {
							"vector": [10.27206, 33.64409, 18.11321]
						},
						"0.625": {
							"vector": [1.88542, 2.3825, 0.46054]
						},
						"0.75": {
							"vector": [8.49878, -28.87909, -17.19212]
						},
						"0.875": {
							"vector": [1.88542, 2.3825, 0.46054]
						},
						"1.0": {
							"vector": [10.27206, 33.64409, 18.11321]
						}
					},
					"position": {
						"0.0": {
							"vector": [0, 1.7, 0]
						},
						"0.0833": {
							"vector": [0, 0.6, 0]
						},
						"0.2083": {
							"vector": [0, 1.4, 0]
						},
						"0.25": {
							"vector": [0, 1.8, 0]
						},
						"0.3333": {
							"vector": [0, 1.1, 0]
						},
						"0.375": {
							"vector": [0, 0.5, 0]
						},
						"0.4167": {
							"vector": [0, 0.9, 0]
						},
						"0.4583": {
							"vector": [0, 1.4, 0]
						},
						"0.5": {
							"vector": [0, 1.7, 0]
						},
						"0.5833": {
							"vector": [0, 0.6, 0]
						},
						"0.7083": {
							"vector": [0, 1.4, 0]
						},
						"0.75": {
							"vector": [0, 1.8, 0]
						},
						"0.8333": {
							"vector": [0, 1.1, 0]
						},
						"0.875": {
							"vector": [0, 0.5, 0]
						},
						"0.9167": {
							"vector": [0, 0.9, 0]
						},
						"0.9583": {
							"vector": [0, 1.4, 0]
						}
					}
				}
			}
		},
		"animation.model.idle": {
			"animation_length": 2,
			"bones": {
				"head": {
					"position": {
						"0.0": {
							"vector": [0, 0, 0]
						},
						"0.5": {
							"vector": [0, 1, 0]
						},
						"1.0": {
							"vector": [0, 0, 0]
						}
					}
				},
				"arm": {
					"position": {
						"0.0": {
							"vector": [0, 0, 0]
						},
						"0.5": {
							"vector": [0, 1, 0]
						},
						"1.0": {
							"vector": [0, 0, 0]
						}
					}
				},
				"arm2": {
					"position": {
						"0.0": {
							"vector": [0, 0, 0]
						},
						"0.5": {
							"vector": [0, 1, 0]
						},
						"1.0": {
							"vector": [0, 0, 0]
						}
					}
				},
				"body": {
					"position": {
						"0.0": {
							"vector": [0, 0, 0]
						},
						"0.5": {
							"vector": [0, 1, 0]
						},
						"1.0": {
							"vector": [0, 0, 0]
						}
					}
				}
			}
		}
	},
	"geckolib_format_version": 2
}